Team,Number,Unit,Min,Off,Offensive Rating,Def,Defensive Rating,Net ,PlusMinus,W,L,WinPerc
BOS,1, Bradley  Lee  Pierce  Bass  Garnett,244.4,1.05,105,1.05,105,0,6,10,10,50
BOS,2, Rondo  Terry  Pierce  Bass  Garnett,221.7,1.05,105,0.99,99,6,29,10,10,50
BOS,3, Rondo  Bradley  Pierce  Bass  Garnett,123,0.92,92,0.98,98,-6,16,4,7,36.3
BOS,4, Bradley  Lee  Pierce  Green  Bass,101.6,1.28,128,0.96,96,32,56,10,4,71.4
BOS,5, Terry  Lee  Green  Sullinger  Garnett,95.1,1.2,120,0.95,95,25,39,10,5,66.6
BOS,6, Rondo  Lee  Pierce  Bass  Garnett,78.1,1.07,107,1.15,115,-8,12,6,8,42.8
BOS,7, Rondo  Terry  Pierce  Bass  Wilcox,77.9,1.03,103,1.01,101,2,6,7,7,50
BOS,8, Bradley  Pierce  Green  Bass  Wilcox,73.2,1.08,108,1.09,109,-1,3,5,6,45.4
BOS,9, Barbosa  Lee  Green  Sullinger  Garnett,72.2,1.09,109,1.05,105,4,4,5,7,41.6
BOS,10, Bradley  Terry  Pierce  Green  Bass,64.2,1.19,119,1.16,116,3,5,7,8,46.6
BOS,11, Rondo  Terry  Pierce  Green  Garnett,62.7,0.91,91,0.96,96,-5,8,10,7,58.8
BOS,12, Bradley  Terry  Pierce  Green  Garnett,61.4,1.06,106,0.95,95,11,25,8,6,57.1
BOS,13, Rondo  Terry  Pierce  Garnett  Collins,53.9,0.88,88,0.99,99,-11,9,2,2,50
BOS,14, Terry  Lee  Pierce  Bass  Garnett,52.3,1.05,105,0.81,81,24,22,7,4,63.6
BOS,15, Terry  Crawford  Lee  Green  Garnett,45.2,1.06,106,1.02,102,4,5,4,4,50
BOS,16, Terry  Barbosa  Pierce  Green  Garnett,44.8,0.98,98,0.79,79,19,14,3,3,50
BOS,17, Bradley  Lee  Pierce  Bass  Wilcox,44.2,1.14,114,1.07,107,7,2,7,7,50
BOS,18, Rondo  Lee  Pierce  Sullinger  Garnett,41.6,1.01,101,0.76,76,25,22,6,2,75
BOS,19, Bradley  Pierce  Green  Bass  Garnett,37.8,1.17,117,0.92,92,25,15,5,4,55.5
BOS,20, Terry  Lee  Pierce  Green  Garnett,35.5,0.96,96,1.08,108,-12,4,9,7,56.2
ATL,1, Teague  Harris  Korver  Smith  Horford,351.3,1.07,107,0.98,98,9,67,14,12,53.8
ATL,2, Teague  Stevenson  Korver  Smith  Horford,332.1,1.12,112,1.03,103,9,54,13,11,54.1
ATL,3, Teague  Williams  Korver  Smith  Horford,231.9,1.09,109,1.02,102,7,40,11,9,55
ATL,4, Teague  Korver  Smith  Horford  Pachulia,137.2,1.08,108,1.02,102,6,28,9,5,64.2
ATL,5, Teague  Korver  Tolliver  Smith  Horford,104,0.99,99,1,100,-1,0,5,7,41.6
ATL,6, Teague  Harris  Stevenson  Smith  Horford,89.5,0.97,97,1.17,117,-20,40,2,9,18.1
ATL,7, Teague  Jenkins  Korver  Smith  Horford,65.3,1.17,117,1.37,137,-20,29,5,15,25
ATL,8, Teague  Williams  Korver  Horford  Pachulia,56.4,1.27,127,1.01,101,26,29,4,4,50
ATL,9, Teague  Harris  Tolliver  Smith  Horford,52.8,1.07,107,0.91,91,16,18,4,2,66.6
ATL,10, Teague  Korver  Johnson  Smith  Horford,49.6,1.07,107,1.02,102,5,1,4,6,40
ATL,11, Mack  Jenkins  Jones  Tolliver  Scott,43.6,0.95,95,0.86,86,9,7,3,3,50
ATL,12, Teague  Williams  Stevenson  Smith  Horford,35.4,0.98,98,1.28,128,-30,17,3,5,37.5
ATL,13, Harris  Williams  Morrow  Horford  Pachulia,33.1,0.95,95,1.33,133,-38,22,1,4,20
ATL,14, Harris  Stevenson  Korver  Smith  Horford,30.8,1.24,124,1,100,24,18,3,1,75
ATL,15, Teague  Stevenson  Smith  Horford  Pachulia,30.2,0.85,85,0.97,97,-12,9,1,3,25
ATL,16, Teague  Stevenson  Korver  Smith  Pachulia,28.8,0.84,84,1.14,114,-30,16,1,3,25
ATL,17, Mack  Jenkins  Stevenson  Scott  Johnson,27.8,1.04,104,1.04,104,0,1,1,2,33.3
ATL,18, Teague  Stevenson  Korver  Johnson  Smith,27.2,1.06,106,0.81,81,25,13,4,1,80
ATL,19, Teague  Harris  Smith  Horford  Pachulia,25.9,1.02,102,0.94,94,8,1,2,2,50
ATL,20, Teague  Harris  Korver  Horford  Pachulia,25.7,1.38,138,1.04,104,34,15,2,2,50
BKN,1, Williams  Johnson  Wallace  Evans  Lopez,640.1,1.11,111,1.06,106,5,66,20,20,50
BKN,2, Williams  Johnson  Wallace  Humphries  Lopez,189.8,1.06,106,1.07,107,-1,0,6,8,42.8
BKN,3, Williams  Bogans  Johnson  Evans  Lopez,163.4,1.07,107,1.13,113,-6,18,11,8,57.8
BKN,4, Williams  Bogans  Johnson  Humphries  Lopez,123.7,1.16,116,1.01,101,15,37,8,4,66.6
BKN,5, Williams  Bogans  Johnson  Wallace  Lopez,106.6,1.15,115,0.93,93,22,42,10,4,71.4
BKN,6, Williams  Bogans  Wallace  Evans  Lopez,95.6,1.18,118,1.11,111,7,13,8,5,61.5
BKN,7, Williams  Johnson  Wallace  Evans  Blatche,87.6,1.1,110,0.88,88,22,24,7,5,58.3
BKN,8, Watson  Williams  Wallace  Evans  Lopez,71.8,1.05,105,0.97,97,8,8,4,4,50
BKN,9, Williams  Johnson  Wallace  Humphries  Blatche,70.9,1.17,117,1.06,106,11,18,6,2,75
BKN,10, Watson  Johnson  Stackhouse  Evans  Blatche,62.1,1.12,112,0.96,96,16,20,6,9,40
BKN,11, Watson  Brooks  Bogans  Humphries  Blatche,55,1.02,102,0.99,99,3,4,7,6,53.8
BKN,12, Watson  Bogans  Johnson  Humphries  Blatche,53.8,1.04,104,1,100,4,2,5,7,41.6
BKN,13, Watson  Bogans  Johnson  Teletovic  Blatche,52.1,1,100,1.07,107,-7,11,2,6,25
BKN,14, Watson  Johnson  Wallace  Evans  Lopez,49.4,1.25,125,0.89,89,36,29,6,1,85.7
BKN,15, Watson  Bogans  Johnson  Evans  Blatche,47.7,1.16,116,0.98,98,18,15,5,4,55.5
BKN,16, Watson  Williams  Johnson  Wallace  Lopez,40.9,1.16,116,1.12,112,4,7,7,5,58.3
BKN,17, Watson  Brooks  Stackhouse  Humphries  Blatche,39.5,0.86,86,1.07,107,-21,16,2,4,33.3
BKN,18, Watson  Williams  Johnson  Evans  Lopez,39.5,1.14,114,1.24,124,-10,6,4,8,33.3
BKN,19, Watson  Williams  Johnson  Humphries  Lopez,36.8,1.15,115,1.43,143,-28,12,1,6,14.2
BKN,20, Williams  Bogans  Johnson  Teletovic  Lopez,33.5,1.44,144,1.18,118,26,17,7,4,63.6
CHA,1, Walker  Henderson  Kidd  Gilchrist  McRoberts  Biyombo,279.8,1.04,104,1.09,109,-5,18,6,12,33.3
CHA,2, Walker  Henderson  Kidd  Gilchrist  Mullens  Biyombo,223.2,1.03,103,1.14,114,-11,49,8,13,38
CHA,3, Walker  Taylor  Kidd  Gilchrist  Mullens  Haywood,166.1,0.95,95,0.97,97,-2,4,6,9,40
CHA,4, Walker  Henderson  Kidd  Gilchrist  Warrick  Biyombo,111.6,0.97,97,1.14,114,-17,38,5,7,41.6
CHA,5, Walker  Sessions  Henderson  Mullens  Biyombo,75.5,1.05,105,1.07,107,-2,0,4,6,40
CHA,6, Sessions  Gordon  Taylor  Adrien  Haywood,75.1,1.01,101,1.03,103,-2,1,7,7,50
CHA,7, Walker  Henderson  Kidd  Gilchrist  Adrien  Biyombo,73.8,1.01,101,1,100,1,3,9,5,64.2
CHA,8, Walker  Gordon  Henderson  McRoberts  Biyombo,66.5,1.04,104,1.31,131,-27,37,4,11,26.6
CHA,9, Walker  Taylor  Kidd  Gilchrist  Mullens  Biyombo,56.3,1.06,106,1.24,124,-18,20,4,8,33.3
CHA,10, Walker  Sessions  Kidd  Gilchrist  Mullens  Haywood,44.6,1.01,101,0.95,95,6,5,5,4,55.5
CHA,11, Walker  Sessions  Kidd  Gilchrist  Mullens  Biyombo,36.5,1.2,120,1.18,118,2,4,7,6,53.8
CHA,12, Walker  Sessions  Henderson  Kidd  Gilchrist  Biyombo,35.9,0.99,99,1.01,101,-2,7,3,6,33.3
CHA,13, Walker  Sessions  Henderson  Warrick  Biyombo,32.2,0.78,78,1.36,136,-58,33,1,6,14.2
CHA,14, Walker  Henderson  Kidd  Gilchrist  Mullens  Haywood,32,1.02,102,0.98,98,4,2,3,3,50
CHA,15, Walker  Taylor  Kidd  Gilchrist  Thomas  Biyombo,32,1.03,103,0.89,89,14,5,2,1,66.6
CHA,16, Sessions  Gordon  Taylor  Mullens  Biyombo,32,0.98,98,1.19,119,-21,14,2,7,22.2
CHA,17, Walker  Henderson  Taylor  Warrick  Biyombo,29.7,0.98,98,0.91,91,7,5,2,2,50
CHA,18, Sessions  Gordon  Taylor  Mullens  Haywood,29.2,0.95,95,1.34,134,-39,23,3,6,33.3
CHA,19, Walker  Gordon  Henderson  Mullens  Biyombo,28.8,1.09,109,1.13,113,-4,0,4,3,57.1
CHA,20, Walker  Sessions  Taylor  Mullens  Haywood,28.2,1.17,117,1.05,105,12,4,4,4,50
CHI,1, Hinrich  Hamilton  Deng  Boozer  Noah,428.2,1.03,103,1,100,3,28,14,11,56
CHI,2, Hinrich  Belinelli  Deng  Boozer  Noah,296.7,0.98,98,1.02,102,-4,22,8,14,36.3
CHI,3, Robinson  Belinelli  Deng  Boozer  Noah,236.4,0.97,97,1.08,108,-11,35,12,15,44.4
CHI,4, Robinson  Hamilton  Deng  Boozer  Noah,218.4,0.93,93,1.07,107,-14,47,7,10,41.1
CHI,5, Hinrich  Butler  Deng  Boozer  Mohammed,147.8,1.03,103,0.96,96,7,16,5,4,55.5
CHI,6, Hinrich  Hamilton  Butler  Boozer  Noah,128.7,0.99,99,1.03,103,-4,3,6,6,50
CHI,7, Robinson  Belinelli  Butler  Gibson  Noah,128.7,1.19,119,1.02,102,17,37,13,14,48.1
CHI,8, Robinson  Belinelli  Deng  Gibson  Noah,106.3,0.97,97,0.92,92,5,14,12,12,50
CHI,9, Robinson  Belinelli  Butler  Deng  Gibson,86.3,1.06,106,1.05,105,1,5,4,4,50
CHI,10, Robinson  Butler  Deng  Gibson  Noah,79.2,0.99,99,1.11,111,-12,25,7,14,33.3
CHI,11, Robinson  Belinelli  Butler  Gibson  Boozer,69.6,1.02,102,1.1,110,-8,9,8,10,44.4
CHI,12, Robinson  Belinelli  Deng  Gibson  Mohammed,66.2,0.97,97,0.99,99,-2,7,6,8,42.8
CHI,13, Robinson  Belinelli  Butler  Deng  Noah,65.5,1.13,113,1.17,117,-4,12,6,9,40
CHI,14, Robinson  Butler  Deng  Gibson  Boozer,65.4,1.07,107,1.29,129,-22,20,7,11,38.8
CHI,15, Robinson  Belinelli  Butler  Boozer  Noah,62,1.03,103,1.1,110,-7,7,10,13,43.4
CHI,16, Hinrich  Butler  Deng  Gibson  Noah,53.6,1.16,116,0.79,79,37,28,10,6,62.5
CHI,17, Robinson  Belinelli  Butler  Gibson  Mohammed,52.9,1.27,127,1.02,102,25,21,6,4,60
CHI,18, Robinson  Butler  Deng  Boozer  Noah,49.8,1.22,122,1.06,106,16,17,7,7,50
CHI,19, Hinrich  Butler  Deng  Boozer  Noah,46,1.01,101,1.07,107,-6,4,5,5,50
CHI,20, Hinrich  Belinelli  Butler  Boozer  Noah,46,0.99,99,0.91,91,8,7,7,5,58.3
CLE,1, Irving  Waiters  Gee  Thompson  Zeller,421.6,1.04,104,1.11,111,-7,62,12,17,41.3
CLE,2, Irving  Waiters  Gee  Thompson  Varejao,189.5,1.14,114,1,100,14,53,7,3,70
CLE,3, Irving  Ellington  Gee  Thompson  Zeller,185.9,0.96,96,1.15,115,-19,66,2,8,20
CLE,4, Irving  Gee  Miles  Thompson  Zeller,153.1,1.11,111,1.08,108,3,13,7,5,58.3
CLE,5, Livingston  Ellington  Miles  Walton  Speights,120.7,1.1,110,1.17,117,-7,14,7,10,41.1
CLE,6, Livingston  Waiters  Gee  Thompson  Zeller,99.2,1,100,1.14,114,-14,23,5,8,38.4
CLE,7, Pargo  Waiters  Gee  Thompson  Varejao,99,1.1,110,1.08,108,2,7,4,3,57.1
CLE,8, Livingston  Ellington  Gee  Thompson  Zeller,82.3,1.03,103,1.14,114,-11,19,3,5,37.5
CLE,9, Irving  Gee  Miles  Thompson  Varejao,62.8,1,100,1.1,110,-10,13,1,3,25
CLE,10, Gibson  Pargo  Gee  Thompson  Varejao,56.4,0.99,99,1.19,119,-20,24,2,6,25
CLE,11, Irving  Waiters  Miles  Thompson  Zeller,48,0.94,94,1.13,113,-19,13,6,7,46.1
CLE,12, Irving  Gibson  Gee  Varejao  Zeller,37.7,1.17,117,1.01,101,16,9,6,2,75
CLE,13, Irving  Gee  Miles  Varejao  Zeller,37.7,0.95,95,1.01,101,-6,6,4,5,44.4
CLE,14, Irving  Ellington  Gee  Thompson  Speights,36.6,0.73,73,1.27,127,-54,36,1,9,10
CLE,15, Irving  Waiters  Gee  Walton  Zeller,30.9,0.77,77,1.34,134,-57,38,1,8,11.1
CLE,16, Irving  Waiters  Gee  Thompson  Speights,30.8,1.15,115,1.29,129,-14,5,4,6,40
CLE,17, Irving  Livingston  Gee  Thompson  Zeller,30.2,1.25,125,0.86,86,39,21,6,4,60
CLE,18, Irving  Gibson  Gee  Walton  Zeller,29.9,0.96,96,1.04,104,-8,4,1,3,25
CLE,19, Gibson  Waiters  Gee  Varejao  Zeller,27.5,1.08,108,1.2,120,-12,6,2,3,40
CLE,20, Gibson  Quinn  Miles  Walton  Speights,26,1.02,102,0.88,88,14,6,2,1,66.6
DAL,1, Collison  Mayo  Carter  Marion  Brand,197.3,1.05,105,1.08,108,-3,16,15,23,39.4
DAL,2, Collison  Mayo  Carter  Marion  Kaman,163.4,1.07,107,1.06,106,1,19,15,14,51.7
DAL,3, Collison  Mayo  Marion  Nowitzki  Kaman,160.8,0.97,97,1.06,106,-9,26,7,12,36.8
DAL,4, M.James  Mayo  Marion  Nowitzki  Kaman,111.5,1,100,1.03,103,-3,6,5,7,41.6
DAL,5, Collison  Mayo  Marion  Nowitzki  James,105.2,1.04,104,1.04,104,0,4,4,5,44.4
DAL,6, Collison  Mayo  Carter  Marion  Wright,103.9,1.08,108,0.93,93,15,27,11,15,42.3
DAL,7, Collison  Mayo  Carter  Nowitzki  Brand,91.9,1.04,104,1.06,106,-2,3,11,14,44
DAL,8, Collison  Mayo  Carter  Wright  Brand,86.7,1.06,106,1.12,112,-6,2,7,10,41.1
DAL,9, Collison  Mayo  Marion  Nowitzki  Brand,85.3,1,100,1.21,121,-21,33,9,11,45
DAL,10, M.James  Mayo  Crowder  Nowitzki  Kaman,73.1,0.96,96,1.11,111,-15,23,2,7,22.2
DAL,11, Collison  Mayo  Da.Jones  Marion  Kaman,69.4,0.98,98,1.16,116,-18,29,4,8,33.3
DAL,12, M.James  Mayo  Marion  Nowitzki  Wright,57.5,1.23,123,1.1,110,13,11,5,3,62.5
DAL,13, Collison  Mayo  Carter  Nowitzki  Wright,54.7,1.28,128,1.17,117,11,18,12,7,63.1
DAL,14, Collison  Mayo  Marion  Wright  Brand,54.3,1.03,103,1.02,102,1,2,3,2,60
DAL,15, M.James  Carter  Crowder  Nowitzki  Brand,52.2,1.26,126,0.93,93,33,32,6,4,60
DAL,16, Fisher  Mayo  Da.Jones  Marion  Kaman,51.1,1.12,112,1.11,111,1,0,4,2,66.6
DAL,17, Collison  Mayo  Marion  Brand  Kaman,45.1,0.76,76,1,100,-24,24,1,4,20
DAL,18, Collison  Carter  Crowder  Nowitzki  Wright,44.4,1.14,114,0.91,91,23,24,7,3,70
DAL,19, M.James  Mayo  Crowder  Nowitzki  Brand,40,1.23,123,0.99,99,24,18,8,3,72.7
DAL,20, Collison  Mayo  Crowder  Wright  Brand,38.5,0.93,93,1.15,115,-22,21,2,5,28.5
DEN,1, Lawson  Iguodala  Gallinari  Faried  Koufos,795,1.1,110,1.03,103,7,100,31,26,54.3
DEN,2, A.Miller  Iguodala  Brewer  Chandler  McGee,139.1,0.97,97,0.91,91,6,28,16,10,61.5
DEN,3, A.Miller  Iguodala  Gallinari  Faried  Koufos,116.3,1.16,116,1.05,105,11,24,8,6,57.1
DEN,4, Lawson  Iguodala  Gallinari  Faried  McGee,108.8,1.07,107,1.17,117,-10,20,14,18,43.7
DEN,5, Lawson  A.Miller  Iguodala  Gallinari  Faried,104.8,1.24,124,1.07,107,17,36,16,9,64
DEN,6, Lawson  A.Miller  Brewer  Chandler  McGee,94.1,1.03,103,1.15,115,-12,24,9,10,47.3
DEN,7, A.Miller  Iguodala  Brewer  Faried  McGee,78.3,1.04,104,0.98,98,6,7,14,15,48.2
DEN,8, A.Miller  Brewer  Chandler  Gallinari  McGee,75,1.11,111,0.99,99,12,20,8,11,42.1
DEN,9, Lawson  Iguodala  Chandler  Gallinari  Koufos,73.5,1.13,113,1.05,105,8,10,10,9,52.6
DEN,10, A.Miller  Iguodala  Brewer  Gallinari  McGee,61.2,1.18,118,1.04,104,14,19,10,9,52.6
DEN,11, Lawson  Iguodala  Brewer  Gallinari  Faried,60.5,1.17,117,1.1,110,7,5,8,13,38
DEN,12, Lawson  A.Miller  Brewer  Gallinari  Faried,55.9,1.09,109,0.88,88,21,30,13,9,59
DEN,13, Lawson  Iguodala  Brewer  Faried  Koufos,49.5,1.29,129,1.13,113,16,14,10,7,58.8
DEN,14, Lawson  A.Miller  Iguodala  Gallinari  Koufos,47.3,1.24,124,1.09,109,15,26,9,5,64.2
DEN,15, Lawson  Iguodala  Brewer  Chandler  McGee,46.9,1.24,124,1.16,116,8,4,11,10,52.3
DEN,16, Lawson  Iguodala  Brewer  Gallinari  Koufos,42.3,1.08,108,0.95,95,13,14,8,7,53.3
DEN,17, A.Miller  Iguodala  Chandler  Faried  Koufos,40.9,0.92,92,1.25,125,-33,25,0,3,0
DEN,18, A.Miller  Fournier  Hamilton  Randolph  Mozgov,39.8,1.06,106,0.99,99,7,4,5,5,50
DEN,19, Lawson  Fournier  Iguodala  Chandler  Koufos,39.8,1.3,130,0.93,93,37,36,3,0,100
DEN,20, Lawson  A.Miller  Brewer  Faried  McGee,37.5,1.09,109,1.36,136,-27,25,4,8,33.3
DET,1, Knight  Singler  Prince  Maxiell  Monroe,606.1,1.05,105,1.03,103,2,22,20,20,50
DET,2, Knight  Stuckey  Prince  Maxiell  Monroe,265.1,0.97,97,1.08,108,-11,61,10,19,34.4
DET,3, Calderon  Knight  Singler  Maxiell  Monroe,226.3,1,100,1.05,105,-5,23,7,8,46.6
DET,4, Knight  Stuckey  Singler  Monroe  Drummond,116.4,1.05,105,1.14,114,-9,19,3,8,27.2
DET,5, Calderon  Stuckey  Singler  Maxiell  Monroe,113.1,0.86,86,1.16,116,-30,62,2,10,16.6
DET,6, Bynum  Stuckey  Daye  Villanueva  Drummond,96.5,1.16,116,1.16,116,0,5,5,8,38.4
DET,7, Stuckey  Singler  Maggette  Villanueva  Drummond,71.3,1.18,118,1.14,114,4,5,5,5,50
DET,8, Knight  Stuckey  Prince  Monroe  Drummond,68.7,1.05,105,0.97,97,8,7,8,10,44.4
DET,9, Knight  Stuckey  Singler  Maxiell  Monroe,63.1,1.02,102,1.03,103,-1,0,4,6,40
DET,10, Calderon  Knight  Singler  Monroe  Drummond,56.1,0.93,93,1.15,115,-22,24,1,4,20
DET,11, Calderon  Stuckey  Singler  Jerebko  Monroe,45.4,1.09,109,1.13,113,-4,2,4,4,50
DET,12, Bynum  English  Singler  Jerebko  Drummond,45.2,1.12,112,1.12,112,0,2,4,2,66.6
DET,13, Bynum  Singler  Daye  Villanueva  Drummond,39.1,1.24,124,0.79,79,45,36,4,2,66.6
DET,14, Stuckey  Singler  Prince  Maxiell  Monroe,36.1,1,100,1.05,105,-5,5,6,5,54.5
DET,15, Knight  Stuckey  Prince  Maxiell  Drummond,33.6,1.46,146,0.95,95,51,25,6,4,60
DET,16, Calderon  Knight  Stuckey  Maxiell  Monroe,33.3,1.14,114,1.08,108,6,5,5,6,45.4
DET,17, Bynum  Stuckey  Singler  Maxiell  Monroe,32.7,1,100,1.19,119,-19,13,2,6,25
DET,18, Bynum  Stuckey  Singler  Villanueva  Monroe,31.1,0.97,97,1.25,125,-28,12,3,7,30
DET,19, Calderon  Knight  Singler  Villanueva  Monroe,31.1,1.33,133,1.16,116,17,9,5,4,55.5
DET,20, Bynum  Stuckey  Singler  Jerebko  Drummond,29.1,1.13,113,1.47,147,-34,23,2,4,33.3
GSW,1, Curry  Thompson  Barnes  Lee  Ezeli,516.1,1.08,108,1.05,105,3,32,27,25,51.9
GSW,2, Curry  Thompson  Barnes  Lee  Bogut,421.5,1.07,107,1.05,105,2,10,14,14,50
GSW,3, Curry  Jack  Thompson  Landry  Lee,401.1,1.12,112,1.08,108,4,75,35,21,62.5
GSW,4, Curry  Jack  Thompson  Lee  Bogut,205,1.16,116,1.08,108,8,47,12,14,46.1
GSW,5, Curry  Thompson  Barnes  Lee  Biedrins,174.9,1.04,104,0.98,98,6,17,19,9,67.8
GSW,6, Curry  Thompson  Barnes  Landry  Lee,151.1,1.12,112,1.12,112,0,5,19,20,48.7
GSW,7, Curry  Jack  Barnes  Landry  Lee,124.6,1.17,117,1.07,107,10,28,17,17,50
GSW,8, Curry  Jack  Thompson  Lee  Ezeli,107.6,1.17,117,1.13,113,4,2,14,14,50
GSW,9, Curry  Jack  Thompson  Green  Lee,73.2,1.06,106,0.9,90,16,17,10,8,55.5
GSW,10, Curry  Jack  Thompson  Landry  Ezeli,64.1,0.93,93,1.02,102,-9,8,7,12,36.8
GSW,11, Curry  Jack  Green  Landry  Lee,63.8,1.17,117,1.07,107,10,8,10,9,52.6
GSW,12, Jack  Thompson  Barnes  Landry  Lee,63.4,0.98,98,1.1,110,-12,15,8,8,50
GSW,13, Jack  Jenkins  Green  Landry  Biedrins,58.2,0.96,96,0.96,96,0,2,7,7,50
GSW,14, Curry  Jack  Thompson  Green  Landry,54.4,0.97,97,1.19,119,-22,14,6,12,33.3
GSW,15, Jack  Jefferson  Green  Landry  Ezeli,52.3,0.95,95,1.1,110,-15,22,4,9,30.7
GSW,16, Jack  Thompson  Barnes  Lee  Bogut,43.4,1.09,109,1.01,101,8,12,4,2,66.6
GSW,17, Curry  Jack  Thompson  Lee  Biedrins,41.6,0.97,97,1.12,112,-15,18,7,8,46.6
GSW,18, Jack  Jefferson  Green  Landry  Biedrins,39.6,0.97,97,1.17,117,-20,9,3,7,30
GSW,19, Curry  Jack  Jefferson  Green  Landry,37.4,1.15,115,1.16,116,-1,4,7,4,63.6
GSW,20, Jack  Thompson  Green  Landry  Lee,34.8,1.03,103,1.18,118,-15,12,4,8,33.3
HOU,1, Lin  Harden  Parsons  Patterson  Asik,565.7,1.08,108,1.08,108,0,1,17,18,48.5
HOU,2, Lin  Harden  Parsons  Morris  Asik,332.2,1.03,103,0.98,98,5,32,17,17,50
HOU,3, Lin  Harden  Parsons  Motiejunas  Asik,222.2,1.14,114,1.05,105,9,41,9,7,56.2
HOU,4, Lin  Harden  Delfino  Parsons  Asik,205,1.12,112,1.07,107,5,23,14,13,51.8
HOU,5, Lin  Harden  Delfino  Parsons  Smith,81.5,1.23,123,1.11,111,12,25,11,8,57.8
HOU,6, Lin  Harden  Parsons  Smith  Asik,80.8,1.13,113,0.98,98,15,22,4,2,66.6
HOU,7, Lin  Harden  Garcia  Smith  Asik,68.7,1.13,113,1.2,120,-7,10,2,2,50
HOU,8, Lin  Harden  Delfino  Parsons  Patterson,54.1,1.21,121,1.01,101,20,22,9,4,69.2
HOU,9, Douglas  Delfino  Parsons  Morris  Smith,53.5,1.51,151,1.06,106,45,40,10,3,76.9
HOU,10, Lin  Harden  Delfino  Morris  Asik,47.3,1.1,110,1.02,102,8,7,6,9,40
HOU,11, Douglas  Harden  Delfino  Patterson  Smith,46.3,1.39,139,1.01,101,38,41,10,3,76.9
HOU,12, Lin  Harden  Delfino  Patterson  Asik,45.6,1.12,112,0.98,98,14,12,7,5,58.3
HOU,13, Douglas  Harden  Parsons  Morris  Asik,45.3,0.91,91,1.07,107,-16,10,4,7,36.3
HOU,14, Douglas  Harden  Delfino  Morris  Smith,45.2,1.17,117,1.16,116,1,3,7,6,53.8
HOU,15, Beverley  Harden  Delfino  Parsons  Asik,42.6,1.17,117,0.98,98,19,18,8,3,72.7
HOU,16, Lin  Delfino  Parsons  Patterson  Asik,40.3,1.27,127,1.1,110,17,16,7,2,77.7
HOU,17, Lin  Harden  Parsons  Patterson  Smith,35.2,1.04,104,1.14,114,-10,5,5,7,41.6
HOU,18, Douglas  Delfino  Parsons  Morris  Asik,34.6,1,100,0.97,97,3,2,4,7,36.3
HOU,19, Douglas  Harden  Delfino  Parsons  Asik,34,1.29,129,1.14,114,15,12,3,4,42.8
HOU,20, Douglas  Harden  Delfino  Morris  Asik,33.6,1.15,115,1.04,104,11,5,5,7,41.6
IND,1, Hill  Stephenson  George  West  Hibbert,1218.6,1.12,112,0.99,99,13,288,45,17,72.5
IND,2, Hill  Stephenson  George  T.Hansbrough  Hibbert,169.9,1.13,113,0.89,89,24,83,20,8,71.4
IND,3, Hill  Green  George  West  Hibbert,148.6,0.97,97,0.96,96,1,2,12,7,63.1
IND,4, Hill  Stephenson  George  West  Mahinmi,143.3,1.08,108,1,100,8,11,16,14,53.3
IND,5, Augustin  Stephenson  George  West  Hibbert,93.3,0.93,93,1.05,105,-12,17,6,9,40
IND,6, Hill  Young  George  West  Hibbert,92.4,0.96,96,1.03,103,-7,20,7,17,29.1
IND,7, Augustin  Johnson  George  T.Hansbrough  Mahinmi,83.5,1.04,104,0.98,98,6,14,14,8,63.6
IND,8, Augustin  Stephenson  Green  T.Hansbrough  Mahinmi,72.2,0.91,91,1.05,105,-14,20,6,8,42.8
IND,9, Augustin  Green  George  T.Hansbrough  Mahinmi,65.5,1.02,102,0.94,94,8,7,10,5,66.6
IND,10, Augustin  Young  Green  T.Hansbrough  Mahinmi,63.1,0.95,95,1.05,105,-10,12,5,9,35.7
IND,11, Hill  Johnson  George  T.Hansbrough  Hibbert,58.2,0.97,97,1.11,111,-14,10,7,10,41.1
IND,12, Augustin  Stephenson  George  West  Mahinmi,50.1,1.05,105,0.79,79,26,30,10,7,58.8
IND,13, Hill  Green  George  T.Hansbrough  Hibbert,48,0.98,98,1.09,109,-11,12,8,12,40
IND,14, Hill  Young  Green  T.Hansbrough  Mahinmi,43.4,0.89,89,0.91,91,-2,1,8,3,72.7
IND,15, Hill  Stephenson  Young  West  Hibbert,33.8,1.27,127,0.95,95,32,18,8,5,61.5
IND,16, Augustin  Green  George  T.Hansbrough  Hibbert,33.4,1.08,108,0.89,89,19,12,6,1,85.7
IND,17, Augustin  Johnson  George  T.Hansbrough  Hibbert,31.4,0.87,87,1.2,120,-33,23,4,11,26.6
IND,18, Augustin  Green  George  West  Mahinmi,30.8,0.93,93,1.03,103,-10,8,4,6,40
IND,19, Hill  Stephenson  George  West  T.Hansbrough,30,1.43,143,1.23,123,20,8,5,5,50
IND,20, Hill  Stephenson  Green  T.Hansbrough  Hibbert,29.8,1.12,112,1,100,12,7,5,6,45.4
LAC,1, Paul  Green  Butler  Griffin  Jordan,699.5,1.15,115,1.07,107,8,113,26,16,61.9
LAC,2, Bledsoe  Crawford  Barnes  Odom  Turiaf,283.3,1.03,103,0.93,93,10,48,22,10,68.7
LAC,3, Paul  Billups  Butler  Griffin  Jordan,281.2,1.2,120,1.06,106,14,70,10,10,50
LAC,4, Bledsoe  Crawford  Barnes  Odom  Hollins,229.4,1.1,110,1.03,103,7,15,16,16,50
LAC,5, Paul  Crawford  Butler  Griffin  Jordan,208.5,1.17,117,1.06,106,11,36,24,17,58.5
LAC,6, Paul  Crawford  Barnes  Odom  Griffin,172.3,1.16,116,1.06,106,10,38,19,14,57.5
LAC,7, Paul  Crawford  Barnes  Griffin  Jordan,148.4,1.22,122,0.96,96,26,81,24,16,60
LAC,8, Bledsoe  Green  Butler  Griffin  Jordan,140.1,1.13,113,1.07,107,6,15,5,4,55.5
LAC,9, Bledsoe  Crawford  Barnes  Odom  Griffin,112.3,1.07,107,0.94,94,13,44,18,11,62
LAC,10, Crawford  Hill  Barnes  Odom  Turiaf,68.3,1.01,101,1.03,103,-2,3,5,5,50
LAC,11, Paul  Green  Barnes  Griffin  Jordan,58.8,1.04,104,1.21,121,-17,24,2,5,28.5
LAC,12, Paul  Butler  Barnes  Griffin  Jordan,52.5,1.36,136,1.06,106,30,28,10,3,76.9
LAC,13, Bledsoe  Crawford  Barnes  Turiaf  Hollins,49.9,0.89,89,0.81,81,8,11,4,4,50
LAC,14, Paul  Crawford  Barnes  Griffin  Hollins,49.6,1.14,114,1.24,124,-10,7,6,8,42.8
LAC,15, Bledsoe  Crawford  Butler  Griffin  Jordan,44.8,1.06,106,1.25,125,-19,16,6,7,46.1
LAC,16, Paul  Crawford  Butler  Odom  Griffin,42.1,1.11,111,1.04,104,7,14,13,4,76.4
LAC,17, Bledsoe  Crawford  Hill  Barnes  Odom,42,0.89,89,0.91,91,-2,1,4,5,44.4
LAC,18, Bledsoe  Crawford  Barnes  Griffin  Jordan,36,1.06,106,1.16,116,-10,10,9,12,42.8
LAC,19, Paul  Crawford  Butler  Barnes  Griffin,32.4,0.87,87,1.13,113,-26,9,4,3,57.1
LAC,20, Bledsoe  Green  Butler  Odom  Jordan,32.1,0.92,92,0.9,90,2,3,1,1,50
LAL,1, Nash  Bryant  WorldPeace  Clark  Howard,338.8,1.08,108,1.04,104,4,39,15,13,53.5
LAL,2, Morris  Bryant  WorldPeace  Gasol  Howard,192.6,0.99,99,1.04,104,-5,12,8,5,61.5
LAL,3, Nash  Bryant  WorldPeace  Gasol  Howard,189.2,1.1,110,1.08,108,2,12,11,7,61.1
LAL,4, Blake  Bryant  WorldPeace  Gasol  Howard,123.7,1.1,110,0.94,94,16,41,5,2,71.4
LAL,5, Duhon  Bryant  WorldPeace  Jamison  Howard,120.5,1.1,110,1.07,107,3,8,4,7,36.3
LAL,6, Nash  Meeks  Bryant  WorldPeace  Howard,109.7,1.26,126,0.93,93,33,58,12,3,80
LAL,7, Nash  Bryant  WorldPeace  Jamison  Howard,99.5,1.27,127,1.09,109,18,37,13,6,68.4
LAL,8, Blake  Meeks  Bryant  Gasol  Howard,96.9,1.03,103,1.21,121,-18,32,1,6,14.2
LAL,9, Nash  Bryant  WorldPeace  Clark  Gasol,84.4,0.94,94,1.07,107,-13,22,2,5,28.5
LAL,10, Blake  Bryant  Clark  Gasol  Howard,62.7,1.18,118,1.1,110,8,11,3,3,50
LAL,11, Nash  Bryant  Clark  Jamison  Gasol,54.4,1.08,108,0.98,98,10,13,4,4,50
LAL,12, Blake  Meeks  WorldPeace  Clark  Jamison,54.4,1.19,119,0.96,96,23,19,6,5,54.5
LAL,13, Nash  Meeks  Bryant  Gasol  Howard,54.2,1.15,115,1.15,115,0,2,4,4,50
LAL,14, Nash  Bryant  WorldPeace  Clark  Jamison,51.8,1.02,102,1.38,138,-36,38,2,9,18.1
LAL,15, Blake  Meeks  WorldPeace  Jamison  Howard,51.1,0.91,91,0.93,93,-2,5,6,6,50
LAL,16, Blake  Meeks  Clark  Jamison  Howard,50.8,1.05,105,1.06,106,-1,1,5,4,55.5
LAL,17, Blake  Bryant  Clark  Jamison  Gasol,50.2,1.3,130,1.02,102,28,26,7,4,63.6
LAL,18, Duhon  Bryant  WorldPeace  Gasol  Howard,46.7,1.12,112,1.05,105,7,7,6,4,60
LAL,19, Nash  Meeks  Bryant  Jamison  Howard,44.9,0.99,99,1.03,103,-4,0,6,7,46.1
LAL,20, Blake  Meeks  WorldPeace  Gasol  Howard,44.3,0.98,98,1.09,109,-11,11,1,4,20
MEM,1, Conley  Allen  Gay  Randolph  Gasol,630.6,1.06,106,0.95,95,11,114,22,12,64.7
MEM,2, Conley  Allen  Prince  Randolph  Gasol,557.2,1.05,105,0.93,93,12,118,23,6,79.3
MEM,3, Conley  Pondexter  Gay  Randolph  Gasol,102.4,1.09,109,1.04,104,5,16,10,7,58.8
MEM,4, Conley  Bayless  Prince  Randolph  Gasol,88.6,1.21,121,1,100,21,42,13,7,65
MEM,5, Conley  Ellington  Gay  Randolph  Gasol,84.9,1.04,104,0.92,92,12,28,8,6,57.1
MEM,6, Conley  Allen  Prince  Davis  Gasol,76,1.11,111,0.86,86,25,35,7,3,70
MEM,7, Bayless  Allen  Gay  Randolph  Gasol,76,0.93,93,0.99,99,-6,9,4,7,36.3
MEM,8, Bayless  Ellington  Pondexter  Randolph  Speights,60,1.09,109,0.92,92,17,18,8,6,57.1
MEM,9, Bayless  Ellington  Pondexter  Speights  Gasol,55.7,1.09,109,1.03,103,6,3,5,8,38.4
MEM,10, Conley  Bayless  Allen  Randolph  Gasol,46.1,0.99,99,0.98,98,1,6,5,4,55.5
MEM,11, Conley  Bayless  Gay  Randolph  Gasol,45,1.17,117,1.28,128,-11,2,6,7,46.1
MEM,12, Conley  Allen  Gay  Speights  Gasol,43.1,0.99,99,0.83,83,16,8,4,3,57.1
MEM,13, Conley  Allen  Pondexter  Randolph  Gasol,39.9,1.12,112,1.33,133,-21,18,2,6,25
MEM,14, Bayless  Ellington  Pondexter  Arthur  Speights,39,0.99,99,0.99,99,0,7,5,6,45.4
MEM,15, Conley  Allen  Gay  Arthur  Randolph,29.3,1.24,124,1.14,114,10,1,2,4,33.3
MEM,16, Conley  Bayless  Pondexter  Randolph  Gasol,27.8,1.08,108,0.94,94,14,12,5,4,55.5
MEM,17, Conley  Bayless  Prince  Arthur  Randolph,27.4,1.21,121,1.2,120,1,9,4,2,66.6
MEM,18, Conley  Bayless  Prince  Arthur  Gasol,26.1,1,100,1.2,120,-20,12,3,6,33.3
MEM,19, Bayless  Pondexter  Daye  Arthur  Davis,26,1.15,115,0.83,83,32,16,3,2,60
MEM,20, Conley  Bayless  Pondexter  Prince  Gasol,25.8,1.27,127,0.86,86,41,20,4,2,66.6
MIA,1, Chalmers  Wade  James  Haslem  Bosh,687.3,1.12,112,1,100,12,158,27,18,60
MIA,2, Chalmers  Wade  Battier  James  Bosh,299.7,1.2,120,1.01,101,19,118,27,12,69.2
MIA,3, Wade  Allen  Battier  James  Bosh,134.6,1.18,118,0.98,98,20,53,19,8,70.3
MIA,4, Cole  Wade  Allen  Battier  Andersen,119.3,1.13,113,1.08,108,5,1,9,10,47.3
MIA,5, Cole  Allen  Battier  James  Andersen,117.8,1.23,123,1.04,104,19,31,13,13,50
MIA,6, Chalmers  Wade  Allen  James  Bosh,112.6,1.32,132,1.06,106,26,87,23,7,76.6
MIA,7, Cole  Allen  Battier  James  Anthony,101.3,1.04,104,1.08,108,-4,1,11,10,52.3
MIA,8, Chalmers  Wade  Battier  James  Haslem,93.4,1.3,130,0.94,94,36,55,11,5,68.7
MIA,9, Chalmers  Allen  Battier  James  Bosh,91,1.25,125,1.1,110,15,22,13,12,52
MIA,10, Cole  Allen  Miller  Battier  Bosh,80.8,0.96,96,1.17,117,-21,33,3,14,17.6
MIA,11, Cole  Wade  Allen  James  Bosh,70.9,1.09,109,1.17,117,-8,12,11,11,50
MIA,12, Chalmers  Wade  James  Lewis  Bosh,70,1.1,110,1.15,115,-5,7,5,5,50
MIA,13, Cole  Wade  Allen  Battier  Bosh,68.8,1.05,105,1.1,110,-5,7,10,13,43.4
MIA,14, Chalmers  Allen  Battier  James  Andersen,54,1,100,1.1,110,-10,2,8,11,42.1
MIA,15, Chalmers  Miller  James  Haslem  Bosh,52.8,1.03,103,1.18,118,-15,17,0,4,0
MIA,16, Chalmers  Wade  Miller  James  Bosh,52.1,1.14,114,0.96,96,18,21,7,4,63.6
MIA,17, Cole  Wade  Allen  Lewis  Haslem,52,1.13,113,0.89,89,24,21,6,2,75
MIA,18, Cole  Allen  Battier  James  Bosh,47.9,1.09,109,1.04,104,5,0,11,7,61.1
MIA,19, Chalmers  Miller  Battier  James  Bosh,44.7,1.26,126,1,100,26,23,5,1,83.3
MIA,20, Chalmers  Allen  James  Haslem  Bosh,42.4,1.33,133,1.09,109,24,16,5,7,41.6
MIL,1, Jennings  Ellis  MbahaMoute  Ilyasova  Sanders,388.6,1.05,105,1.01,101,4,27,15,14,51.7
MIL,2, Jennings  Ellis  Daniels  Ilyasova  Sanders,242.6,1.01,101,1.09,109,-8,34,8,13,38
MIL,3, Jennings  Ellis  Dunleavy  Ilyasova  Sanders,193.7,1.09,109,1.08,108,1,27,16,19,45.7
MIL,4, Jennings  Ellis  Daniels  MbahaMoute  Sanders,140.2,0.94,94,1,100,-6,22,3,11,21.4
MIL,5, Jennings  Ellis  Harris  Ilyasova  Dalembert,116.7,1.05,105,1.07,107,-2,8,4,6,40
MIL,6, Ellis  Udrih  Dunleavy  Henson  Udoh,84.2,1.12,112,1.07,107,5,10,10,9,52.6
MIL,7, Jennings  Ellis  MbahaMoute  Ilyasova  Dalembert,71.1,1.09,109,1.03,103,6,3,5,5,50
MIL,8, Jennings  Ellis  Dunleavy  Ilyasova  Udoh,69.7,1.21,121,1.04,104,17,29,14,12,53.8
MIL,9, Jennings  Ellis  Redick  Ilyasova  Sanders,67,1.17,117,1.34,134,-17,16,3,7,30
MIL,10, Jennings  Ellis  Dunleavy  Ilyasova  Dalembert,65,1.11,111,1.17,117,-6,2,9,8,52.9
MIL,11, Jennings  Ellis  Dunleavy  MbahaMoute  Sanders,58.3,1.04,104,0.97,97,7,4,6,8,42.8
MIL,12, Jennings  Ellis  Dunleavy  Sanders  Udoh,53.1,0.98,98,0.99,99,-1,0,8,7,53.3
MIL,13, Ellis  Redick  Dunleavy  Ilyasova  Sanders,50.5,1.19,119,0.73,73,46,48,8,3,72.7
MIL,14, Ellis  Udrih  Dunleavy  Sanders  Udoh,45.9,0.87,87,0.88,88,-1,2,6,5,54.5
MIL,15, Jennings  Ellis  Daniels  Sanders  Dalembert,45.7,0.87,87,1.22,122,-35,32,0,3,0
MIL,16, Jennings  Udrih  Dunleavy  Henson  Udoh,43.6,0.88,88,0.99,99,-11,6,3,7,30
MIL,17, Jennings  Ellis  Daniels  Sanders  Udoh,41.5,1.14,114,0.84,84,30,20,2,2,50
MIL,18, Jennings  Ellis  MbahaMoute  Ilyasova  Udoh,39.2,1.14,114,1.13,113,1,5,5,8,38.4
MIL,19, Jennings  Ellis  Dunleavy  Henson  Sanders,36.1,1.19,119,1.15,115,4,1,7,5,58.3
MIL,20, Jennings  Ellis  Daniels  Ilyasova  Udoh,31,0.85,85,1.03,103,-18,15,5,6,45.4
MIN,1, Rubio  Ridnour  Kirilenko  Williams  Pekovic,376.2,1.06,106,1.09,109,-3,35,9,14,39.1
MIN,2, Ridnour  Shved  Kirilenko  Love  Pekovic,174.1,1.07,107,1.06,106,1,12,9,3,75
MIN,3, Rubio  Ridnour  Kirilenko  Williams  Stiemsma,164.6,1,100,0.93,93,7,21,8,6,57.1
MIN,4, Ridnour  Shved  Cunningham  Kirilenko  Pekovic,153.9,1.01,101,1.03,103,-2,4,6,4,60
MIN,5, Barea  Shved  Budinger  Cunningham  Stiemsma,138.9,1,100,1.01,101,-1,0,8,8,50
MIN,6, Rubio  Ridnour  Gelabale  Williams  Stiemsma,128.7,1.02,102,1.12,112,-10,27,4,7,36.3
MIN,7, Ridnour  Lee  Kirilenko  Love  Pekovic,103.4,1.04,104,0.98,98,6,11,4,2,66.6
MIN,8, Rubio  Ridnour  Gelabale  Williams  Pekovic,101.7,0.94,94,1.04,104,-10,16,2,7,22.2
MIN,9, Barea  Shved  Gelabale  Cunningham  Stiemsma,89.1,1.03,103,0.92,92,11,16,10,5,66.6
MIN,10, Ridnour  Roy  Kirilenko  Williams  Pekovic,83.4,0.99,99,1.06,106,-7,12,1,4,20
MIN,11, Rubio  Ridnour  Cunningham  Kirilenko  Pekovic,75.5,1.03,103,0.85,85,18,25,8,7,53.3
MIN,12, Barea  Shved  Cunningham  Williams  Stiemsma,54.2,1.03,103,1.14,114,-11,16,4,6,40
MIN,13, Ridnour  Lee  Howard  Love  Pekovic,51.1,1.11,111,1.06,106,5,5,2,1,66.6
MIN,14, Barea  Rubio  Shved  Cunningham  Stiemsma,40.1,1.24,124,1.09,109,15,13,6,4,60
MIN,15, Rubio  Ridnour  Cunningham  Kirilenko  Williams,36.8,0.77,77,1.1,110,-33,27,2,5,28.5
MIN,16, Barea  Shved  Budinger  Cunningham  Pekovic,34.4,1.06,106,1.02,102,4,4,4,4,50
MIN,17, Barea  Rubio  Shved  Cunningham  Johnson,32.5,1.08,108,1.1,110,-2,2,3,3,50
MIN,18, Barea  Shved  Cunningham  Kirilenko  Love,30.8,0.97,97,0.96,96,1,2,3,6,33.3
MIN,19, Barea  Shved  Cunningham  Kirilenko  Pekovic,30.7,1.1,110,1.17,117,-7,1,6,7,46.1
MIN,20, Barea  Rubio  Cunningham  Williams  Stiemsma,30.7,1,100,1.03,103,-3,1,1,3,25
NOH,1, Vasquez  Gordon  Aminu  Davis  Lopez,503.8,1.07,107,1.08,108,-1,22,14,20,41.1
NOH,2, Vasquez  Mason  Aminu  Anderson  Lopez,183.8,1.16,116,1.19,119,-3,9,12,9,57.1
NOH,3, Vasquez  Rivers  Aminu  Anderson  Lopez,144.1,1.01,101,1.12,112,-11,28,9,14,39.1
NOH,4, Vasquez  Gordon  Aminu  Anderson  Lopez,133.9,1.05,105,1.13,113,-8,25,11,12,47.8
NOH,5, Vasquez  Rivers  Aminu  Davis  Lopez,127.6,1.07,107,1.1,110,-3,2,8,6,57.1
NOH,6, Vasquez  Gordon  Aminu  Anderson  Davis,105.3,1.14,114,1.08,108,6,16,11,9,55
NOH,7, Vasquez  Rivers  Thomas  Davis  Lopez,100.1,1.01,101,1,100,1,2,3,8,27.2
NOH,8, Vasquez  Mason  Aminu  Davis  Lopez,71.7,1.04,104,1.13,113,-9,14,4,8,33.3
NOH,9, Roberts  Rivers  Thomas  Anderson  Smith,69.1,1.09,109,1.1,110,-1,1,5,4,55.5
NOH,10, Roberts  Gordon  Aminu  Anderson  Lopez,54.7,1.02,102,1.05,105,-3,3,1,2,33.3
NOH,11, Roberts  Rivers  Mason  Anderson  Smith,51.3,1.05,105,1.05,105,0,1,5,5,50
NOH,12, Vasquez  Rivers  Aminu  Anderson  Smith,50.7,0.97,97,1.12,112,-15,12,6,8,42.8
NOH,13, Vasquez  Rivers  Aminu  Anderson  Davis,43.4,1.18,118,1.08,108,10,0,6,7,46.1
NOH,14, Roberts  Mason  Miller  Anderson  Smith,43.1,0.96,96,1.07,107,-11,8,2,5,28.5
NOH,15, Vasquez  Gordon  Aminu  Anderson  Smith,40.7,1.22,122,1.21,121,1,2,4,3,57.1
NOH,16, Vasquez  Mason  Henry  Anderson  Lopez,39.7,1.01,101,1.01,101,0,4,3,4,42.8
NOH,17, Roberts  Harris  Miller  Anderson  Amundson,35.7,1.09,109,0.73,73,36,26,4,1,80
NOH,18, Roberts  Rivers  Henry  Anderson  Smith,34.6,1.02,102,0.97,97,5,4,4,3,57.1
NOH,19, Roberts  Rivers  Thomas  Miller  Smith,33.1,1.19,119,1,100,19,6,2,3,40
NOH,20, Roberts  Rivers  Miller  Anderson  Smith,32.3,0.95,95,1,100,-5,3,3,5,37.5
NYK,1, Felton  Kidd  Smith  Anthony  Chandler,269.9,1.24,124,0.96,96,28,137,27,9,75
NYK,2, Felton  Kidd  Brewer  Anthony  Chandler,210.5,1.14,114,1.13,113,1,9,8,9,47
NYK,3, Felton  Kidd  Shumpert  Anthony  Chandler,127.9,0.95,95,1.03,103,-8,18,6,7,46.1
NYK,4, Felton  Smith  Anthony  Stoudemire  Chandler,103,1.16,116,1.13,113,3,4,8,3,72.7
NYK,5, Felton  Smith  Novak  Anthony  Chandler,101.7,1.09,109,1.21,121,-12,8,11,13,45.8
NYK,6, Felton  Shumpert  Smith  Anthony  Chandler,85,1.02,102,1.09,109,-7,10,9,9,50
NYK,7, Felton  Smith  Brewer  Anthony  Chandler,82.2,1.06,106,0.93,93,13,19,10,5,66.6
NYK,8, Felton  Prigioni  Shumpert  Anthony  Martin,80.6,1.23,123,1.1,110,13,20,5,3,62.5
NYK,9, Kidd  Smith  Anthony  Stoudemire  Chandler,56.5,1.21,121,0.99,99,22,25,8,2,80
NYK,10, Kidd  Smith  Novak  Anthony  Chandler,53.4,1.25,125,1.07,107,18,28,7,7,50
NYK,11, Felton  Kidd  Smith  Novak  Chandler,47.6,1.06,106,1.16,116,-10,1,6,6,50
NYK,12, Prigioni  Smith  Novak  Anthony  Stoudemire,47.5,0.92,92,1.3,130,-38,29,5,10,33.3
NYK,13, Prigioni  Smith  Novak  Anthony  Chandler,47,1.4,140,0.92,92,48,40,8,4,66.6
NYK,14, Felton  Kidd  Smith  Anthony  Martin,46.5,1.17,117,1.26,126,-9,4,4,4,50
NYK,15, Felton  Shumpert  White  Anthony  Chandler,45.3,1.1,110,1.23,123,-13,10,2,4,33.3
NYK,16, Felton  Shumpert  Smith  Anthony  Martin,44.8,1.2,120,1.12,112,8,10,5,4,55.5
NYK,17, Prigioni  Shumpert  White  Copeland  Novak,41.3,1.18,118,1.18,118,0,4,2,3,40
NYK,18, Felton  Prigioni  Shumpert  Anthony  Chandler,38.7,1.16,116,1.21,121,-5,2,2,2,50
NYK,19, Felton  Kidd  Smith  Copeland  Anthony,37.6,1.21,121,1.11,111,10,6,3,5,37.5
NYK,20, Felton  Kidd  Smith  Copeland  Novak,34.9,1.3,130,1.22,122,8,4,3,1,75
OKC,1, Westbrook  Sefolosha  Durant  Ibaka  Perkins,1306.2,1.11,111,1,100,11,291,46,29,61.3
OKC,2, Westbrook  Martin  Durant  Ibaka  Perkins,357.5,1.11,111,1.05,105,6,49,33,28,54
OKC,3, Westbrook  Martin  Durant  Ibaka  Collison,188.5,1.16,116,1.14,114,2,20,26,24,52
OKC,4, Westbrook  Martin  Sefolosha  Durant  Ibaka,135.2,1.17,117,1.1,110,7,18,17,11,60.7
OKC,5, Jackson  Fisher  Martin  Durant  Collison,109.1,1.19,119,1.06,106,13,29,10,6,62.5
OKC,6, Westbrook  Martin  Sefolosha  Durant  Collison,90.5,1.31,131,1.11,111,20,40,19,11,63.3
OKC,7, Maynor  Martin  Durant  Collison  Thabeet,82.2,1.14,114,1.01,101,13,18,11,8,57.8
OKC,8, Westbrook  Martin  Durant  Collison  Perkins,68.5,1.33,133,1.11,111,22,35,16,9,64
OKC,9, Maynor  Martin  Sefolosha  Collison  Thabeet,66.7,1.06,106,1.04,104,2,0,10,8,55.5
OKC,10, Jackson  Martin  Durant  Collison  Thabeet,55,1,100,0.96,96,4,1,7,6,53.8
OKC,11, Westbrook  Sefolosha  Durant  Ibaka  Thabeet,54.6,1.16,116,0.91,91,25,22,4,2,66.6
OKC,12, Westbrook  Martin  Sefolosha  Durant  Perkins,52.3,1.18,118,1.03,103,15,19,10,7,58.8
OKC,13, Jackson  Martin  Sefolosha  Collison  Thabeet,48.9,1.07,107,0.74,74,33,31,8,6,57.1
OKC,14, Westbrook  Sefolosha  Durant  Collison  Perkins,46.3,0.95,95,1,100,-5,5,6,8,42.8
OKC,15, Westbrook  Sefolosha  Durant  Ibaka  Collison,45.6,1.21,121,0.99,99,22,17,8,10,44.4
OKC,16, Jackson  Martin  Durant  Ibaka  Collison,44.2,1.09,109,1.18,118,-9,11,6,8,42.8
OKC,17, Westbrook  Martin  Sefolosha  Ibaka  Collison,44,1.02,102,0.84,84,18,13,11,6,64.7
OKC,18, Jackson  Fisher  Martin  Collison  Thabeet,41.9,0.99,99,0.92,92,7,3,1,4,20
OKC,19, Westbrook  Jackson  Martin  Durant  Collison,35.9,1.42,142,1.12,112,30,12,8,4,66.6
OKC,20, Westbrook  Martin  Sefolosha  Collison  Thabeet,35.6,1.14,114,1.06,106,8,11,8,6,57.1
ORL,1, Nelson  Redick  Afflalo  Davis  Vucevic,230.1,1.15,115,1.07,107,8,37,13,10,56.5
ORL,2, Nelson  Afflalo  Harkless  Davis  Vucevic,177.6,0.84,84,0.96,96,-12,41,5,10,33.3
ORL,3, Nelson  Afflalo  Harkless  Harris  Vucevic,131.2,0.94,94,1.09,109,-15,38,2,5,28.5
ORL,4, Nelson  Afflalo  Harkless  Nicholson  Vucevic,128.2,1.02,102,1.16,116,-14,30,2,8,20
ORL,5, Redick  Moore  Afflalo  Davis  Vucevic,116.6,1.07,107,1.13,113,-6,14,5,8,38.4
ORL,6, Moore  Afflalo  Harkless  Nicholson  Vucevic,91.7,1.04,104,1.24,124,-20,36,2,7,22.2
ORL,7, Nelson  Redick  Afflalo  McRoberts  Vucevic,90.6,1.25,125,1.08,108,17,29,9,5,64.2
ORL,8, Udrih  Moore  Harkless  Harris  Vucevic,83.1,1.06,106,1.06,106,0,9,3,6,33.3
ORL,9, Nelson  Afflalo  Jones  Nicholson  Vucevic,71.6,1.16,116,1.17,117,-1,2,2,5,28.5
ORL,10, Nelson  Redick  Afflalo  Ayon  Vucevic,62.5,1.05,105,1.16,116,-11,1,4,6,40
ORL,11, Nelson  Afflalo  Jones  Davis  Vucevic,53.7,1.07,107,1.09,109,-2,0,3,3,50
ORL,12, Udrih  Jones  Harkless  Harris  Vucevic,46.1,0.88,88,1.06,106,-18,17,1,4,20
ORL,13, Nelson  Redick  Afflalo  Nicholson  Vucevic,44.6,0.99,99,1.13,113,-14,14,4,7,36.3
ORL,14, Udrih  Harkless  Harris  Nicholson  Vucevic,39.8,1.01,101,0.99,99,2,1,2,3,40
ORL,15, Udrih  Lamb  Harkless  Harris  Vucevic,37.6,1.05,105,1.12,112,-7,6,2,3,40
ORL,16, Nelson  Afflalo  Harkless  Ayon  Vucevic,36.9,1.23,123,1.13,113,10,3,2,3,40
ORL,17, Redick  Moore  Nicholson  McRoberts  Ayon,36.1,0.96,96,0.93,93,3,0,2,4,33.3
ORL,18, Redick  Moore  Afflalo  Nicholson  Ayon,35.1,1.03,103,1.19,119,-16,19,2,6,25
ORL,19, Nelson  Jones  Harkless  Harris  O'Quinn,32.7,1.19,119,1.33,133,-14,7,0,2,0
ORL,20, Nelson  Redick  Harkless  Davis  Vucevic,31.1,1.16,116,1.24,124,-8,3,1,1,50
PHI,1, Holiday  Richardson  Turner  T.Young  Allen,382.7,1.1,110,1.04,104,6,40,16,8,66.6
PHI,2, Holiday  Wilkins  Turner  T.Young  Hawes,362.9,1.04,104,1.05,105,-1,11,11,16,40.7
PHI,3, Holiday  N.Young  Turner  T.Young  Hawes,210,1,100,1.05,105,-5,18,9,16,36
PHI,4, Holiday  Turner  Wright  T.Young  Allen,164.2,0.95,95,1.03,103,-8,26,8,14,36.3
PHI,5, Holiday  Turner  Wright  T.Young  Hawes,131.6,1.05,105,1.04,104,1,11,18,16,52.9
PHI,6, Holiday  N.Young  Turner  Allen  Hawes,113.4,0.99,99,1.11,111,-12,23,8,8,50
PHI,7, Holiday  Richardson  Turner  T.Young  Hawes,97.1,1.02,102,1.09,109,-7,14,8,10,44.4
PHI,8, Holiday  Ivey  Turner  T.Young  Hawes,74.3,0.9,90,1.09,109,-19,24,6,5,54.5
PHI,9, Holiday  N.Young  Wright  T.Young  Hawes,69.1,1.06,106,1.04,104,2,8,11,10,52.3
PHI,10, Holiday  N.Young  Turner  T.Young  Allen,66.8,1.02,102,1.02,102,0,0,10,9,52.6
PHI,11, Holiday  Richardson  Turner  T.Young  Brown,66.5,0.95,95,1.07,107,-12,20,2,8,20
PHI,12, Holiday  Wilkins  Wright  T.Young  Hawes,45,1.24,124,0.9,90,34,29,9,2,81.8
PHI,13, N.Young  Richardson  Turner  T.Young  Brown,43.6,0.89,89,1.07,107,-18,16,1,2,33.3
PHI,14, Holiday  N.Young  Wright  Allen  Hawes,40.4,1.07,107,0.87,87,20,22,9,2,81.8
PHI,15, N.Young  Turner  Wright  T.Young  Hawes,37.6,1.19,119,1,100,19,15,9,4,69.2
PHI,16, Ivey  N.Young  Turner  Allen  Hawes,34.4,1.18,118,0.98,98,20,7,7,7,50
PHI,17, N.Young  Turner  Wright  Allen  Hawes,28.4,0.78,78,1.19,119,-41,24,1,8,11.1
PHI,18, Holiday  Ivey  Wright  T.Young  Allen,28.2,0.96,96,0.78,78,18,9,4,4,50
PHI,19, Holiday  Wilkins  Wright  Allen  Hawes,27.8,1.13,113,1.27,127,-14,8,4,6,40
PHI,20, Holiday  Ivey  Turner  T.Young  Allen,26.2,1.06,106,0.82,82,24,10,4,3,57.1
PHO,1, Dragic  Tucker  Dudley  Scola  Gortat,441.2,0.98,98,1.05,105,-7,48,14,21,40
PHO,2, Dragic  Dudley  Beasley  Scola  Gortat,233.2,0.93,93,1.14,114,-21,96,4,16,20
PHO,3, Dragic  Brown  Dudley  Scola  Gortat,177.7,1.1,110,1.1,110,0,4,7,11,38.8
PHO,4, Dragic  Brown  Beasley  Morris  Gortat,166.6,1.1,110,1.25,125,-15,50,4,13,23.5
PHO,5, Dragic  Tucker  Johnson  Morris  Scola,150.5,1.13,113,1.16,116,-3,16,6,6,50
PHO,6, Dragic  Brown  Dudley  Morris  Gortat,87.2,1.1,110,0.94,94,16,31,10,5,66.6
PHO,7, Telfair  Tucker  Dudley  Scola  O'Neal,75,1.12,112,0.95,95,17,21,5,3,62.5
PHO,8, Marshall  Tucker  Johnson  Morris  Scola,63.2,1.08,108,1.24,124,-16,19,1,6,14.2
PHO,9, Dragic  Brown  Tucker  Scola  Gortat,58.1,1.09,109,1.09,109,0,1,4,5,44.4
PHO,10, Dragic  Johnson  Marcus.Morris  Morris  Scola,56.6,0.92,92,1.11,111,-19,20,0,4,0
PHO,11, Telfair  Brown  Dudley  Scola  Gortat,49.9,1.05,105,1.03,103,2,1,3,5,37.5
PHO,12, Dragic  Tucker  Dudley  Morris  Gortat,49.3,1.13,113,1.18,118,-5,10,10,10,50
PHO,13, Telfair  Brown  Dudley  Morris  Gortat,48.5,1.08,108,0.93,93,15,16,5,5,50
PHO,14, Dragic  Tucker  Dudley  Scola  O'Neal,45.5,1.1,110,1,100,10,5,7,5,58.3
PHO,15, Dragic  Brown  Tucker  Morris  Gortat,44.5,0.78,78,1.12,112,-34,37,2,8,20
PHO,16, Telfair  Brown  Beasley  Morris  O'Neal,42.4,0.9,90,1.26,126,-36,25,3,7,30
PHO,17, Marshall  Brown  Beasley  Morris  O'Neal,41.3,0.91,91,0.89,89,2,3,2,3,40
PHO,18, Dragic  Tucker  Dudley  Morris  Scola,40.7,1.05,105,1.01,101,4,4,5,4,55.5
PHO,19, Telfair  Tucker  Beasley  Morris  O'Neal,37.3,0.99,99,0.74,74,25,18,4,3,57.1
PHO,20, Dragic  Tucker  Dudley  Morris  O'Neal,36.3,0.91,91,0.96,96,-5,3,7,6,53.8
POR,1, Lillard  Matthews  Batum  Aldridge  Hickson,1143.2,1.07,107,1.08,108,-1,29,25,32,43.8
POR,2, Lillard  Batum  Claver  Aldridge  Hickson,142,1.04,104,1.11,111,-7,23,4,7,36.3
POR,3, Lillard  Matthews  Batum  Aldridge  Leonard,118.7,1.19,119,1.1,110,9,24,14,8,63.6
POR,4, Lillard  Matthews  Batum  Babbitt  Aldridge,79.5,1.26,126,0.97,97,29,71,13,5,72.2
POR,5, Lillard  Matthews  Batum  Hickson  Leonard,74.8,1.05,105,1.18,118,-13,21,2,3,40
POR,6, Lillard  Pavlovic  Batum  Aldridge  Hickson,52.8,1.04,104,1.12,112,-8,12,3,7,30
POR,7, Lillard  Barton  Claver  Aldridge  Hickson,52.6,0.94,94,1.03,103,-9,7,3,3,50
POR,8, Smith  Barton  Babbitt  Freeland  Leonard,41.6,0.76,76,0.85,85,-9,8,3,7,30
POR,9, Lillard  Maynor  Batum  Aldridge  Leonard,33.3,1.18,118,0.86,86,32,24,7,2,77.7
POR,10, Lillard  Matthews  Batum  Freeland  Hickson,33,1.34,134,1.14,114,20,13,3,3,50
POR,11, Lillard  Matthews  Claver  Aldridge  Hickson,32.9,1.18,118,1.23,123,-5,2,1,2,33.3
POR,12, Lillard  Matthews  Batum  Aldridge  Jeffries,32.3,0.92,92,1.18,118,-26,13,4,7,36.3
POR,13, Lillard  Barton  Batum  Aldridge  Hickson,31.3,1.3,130,1.08,108,22,12,5,5,50
POR,14, Lillard  Matthews  Batum  Jeffries  Leonard,29.4,0.81,81,1.17,117,-36,15,3,8,27.2
POR,15, Lillard  Barton  Claver  Hickson  Leonard,26.9,0.98,98,1.19,119,-21,12,0,2,0
POR,16, Lillard  Maynor  Batum  Claver  Leonard,25.9,1.17,117,1.2,120,-3,5,3,5,37.5
POR,17, Lillard  Maynor  Batum  Aldridge  Hickson,25.4,1.1,110,1.04,104,6,1,4,4,50
POR,18, Price  Barton  Batum  Aldridge  Leonard,25,1.13,113,0.85,85,28,13,6,3,66.6
POR,19, Lillard  Price  Batum  Aldridge  Hickson,25,0.98,98,1.02,102,-4,3,4,5,44.4
POR,20, Price  Matthews  Batum  Aldridge  Hickson,24.2,1.09,109,1.12,112,-3,8,4,6,40
SAC,1, Thomas  Evans  Salmons  Thompson  Cousins,581.9,1.05,105,1.13,113,-8,96,13,26,33.3
SAC,2, Brooks  Evans  Salmons  Thompson  Cousins,130.4,1.21,121,1.11,111,10,25,7,3,70
SAC,3, Thomas  Thornton  Salmons  Thompson  Cousins,121.8,1.03,103,1.08,108,-5,5,11,13,45.8
SAC,4, Thomas  Garcia  Salmons  Thompson  Cousins,117.7,1.06,106,1.06,106,0,1,4,3,57.1
SAC,5, Thomas  Evans  Johnson  Thompson  Cousins,105,0.9,90,1.04,104,-14,30,3,5,37.5
SAC,6, Brooks  Garcia  Salmons  Thompson  Cousins,90.6,1.15,115,0.98,98,17,33,6,2,75
SAC,7, Thomas  Evans  Salmons  Patterson  Thompson,64.3,1.1,110,1.2,120,-10,14,3,5,37.5
SAC,8, Brooks  Thornton  Salmons  Thompson  Cousins,63.2,1.13,113,1.26,126,-13,13,5,6,45.4
SAC,9, Thomas  Thornton  Evans  Thompson  Cousins,51.8,1.16,116,1.14,114,2,1,9,10,47.3
SAC,10, Brooks  Thornton  Garcia  Robinson  Hayes,48.4,1.03,103,1.14,114,-11,8,3,5,37.5
SAC,11, Thomas  Evans  Salmons  Thompson  Hayes,47.2,1.17,117,0.9,90,27,23,6,3,66.6
SAC,12, Thomas  Evans  Salmons  Robinson  Cousins,42.8,1.06,106,0.94,94,12,10,4,2,66.6
SAC,13, Thomas  Evans  Garcia  Thompson  Cousins,33.7,0.8,80,1.09,109,-29,19,1,3,25
SAC,14, Thomas  Thornton  Evans  Salmons  Cousins,33,1.04,104,1.32,132,-28,20,1,7,12.5
SAC,15, Fredette  Thornton  Johnson  Robinson  Hayes,32.9,1.03,103,1.05,105,-2,2,3,2,60
SAC,16, Thomas  Fredette  Johnson  Robinson  Hayes,30.6,1.19,119,0.86,86,33,21,4,2,66.6
SAC,17, Thomas  Evans  Garcia  Salmons  Cousins,30.4,1.13,113,1.13,113,0,3,2,2,50
SAC,18, Brooks  Thornton  Salmons  Johnson  Thompson,29.9,0.92,92,1.16,116,-24,16,0,2,0
SAC,19, Brooks  Thornton  Evans  Hayes  Cousins,26.2,0.67,67,0.94,94,-27,12,1,3,25
SAC,20, Thornton  Evans  Salmons  Thompson  Cousins,24.6,1.18,118,1.23,123,-5,4,4,4,50
SAS,1, Parker  Green  Leonard  Splitter  Duncan,362.1,1.08,108,0.89,89,19,132,22,5,81.4
SAS,2, Parker  Green  Leonard  Diaw  Duncan,152.9,1.08,108,0.97,97,11,37,13,9,59
SAS,3, Parker  Green  Leonard  Diaw  Splitter,124.4,1.15,115,0.99,99,16,34,7,5,58.3
SAS,4, Parker  Neal  Green  Blair  Duncan,108.2,1,100,1.07,107,-7,14,4,7,36.3
SAS,5, Joseph  Green  Leonard  Splitter  Duncan,89.6,1.08,108,0.95,95,13,25,6,5,54.5
SAS,6, Parker  Neal  Green  Splitter  Duncan,64.4,1.13,113,1.14,114,-1,8,5,7,41.6
SAS,7, Parker  Ginobili  Leonard  Diaw  Duncan,58.5,0.99,99,0.95,95,4,10,6,7,46.1
SAS,8, Parker  Ginobili  Leonard  Splitter  Duncan,55.5,1,100,1.02,102,-2,6,5,8,38.4
SAS,9, Parker  Ginobili  Green  Diaw  Duncan,55.3,1.18,118,0.96,96,22,23,9,7,56.2
SAS,10, Parker  Neal  Green  Diaw  Duncan,51.1,1.32,132,1,100,32,35,7,3,70
SAS,11, DeColo  Green  Leonard  Splitter  Duncan,47.7,0.87,87,0.95,95,-8,9,3,5,37.5
SAS,12, Parker  Green  Jackson  Diaw  Splitter,42.4,1.09,109,1.12,112,-3,0,7,3,70
SAS,13, Parker  Green  Leonard  Bonner  Duncan,39.5,0.99,99,1.01,101,-2,1,5,3,62.5
SAS,14, Parker  Ginobili  Jackson  Diaw  Duncan,37.9,1.23,123,0.99,99,24,21,8,3,72.7
SAS,15, Parker  Green  Leonard  Bonner  Splitter,37.3,1.22,122,1.08,108,14,11,6,4,60
SAS,16, Parker  Ginobili  Green  Leonard  Duncan,36.5,1.08,108,1.28,128,-20,14,3,7,30
SAS,17, Parker  Neal  Ginobili  Diaw  Duncan,35.4,1.13,113,1.11,111,2,1,6,6,50
SAS,18, DeColo  Ginobili  Green  Diaw  Splitter,33,1.12,112,0.99,99,13,9,5,4,55.5
SAS,19, Mills  DeColo  Jackson  Bonner  Blair,30.5,0.98,98,1.02,102,-4,5,2,3,40
SAS,20, Neal  Ginobili  Jackson  Diaw  Splitter,29.3,1.37,137,0.85,85,52,31,7,2,77.7
TOR,1, Lowry  DeRozan  Gay  Johnson  Valanciunas,344.5,1.09,109,0.95,95,14,85,14,10,58.3
TOR,2, Calderon  DeRozan  Fields  Johnson  Davis,126.5,1.13,113,1.06,106,7,18,7,4,63.6
TOR,3, Calderon  DeRozan  Pietrus  Davis  Valanciunas,85.3,1.07,107,0.99,99,8,3,3,5,37.5
TOR,4, Lowry  DeRozan  Gay  Johnson  Gray,79,1.02,102,1.08,108,-6,11,3,5,37.5
TOR,5, Lowry  DeRozan  Anderson  Gay  Johnson,69.4,1.08,108,1.1,110,-2,4,7,8,46.6
TOR,6, Calderon  DeRozan  McGuire  Bargnani  Valanciunas,67.8,1.19,119,1.14,114,5,8,4,2,66.6
TOR,7, Lowry  DeRozan  Fields  Gay  Valanciunas,64.8,1.05,105,0.98,98,7,6,6,6,50
TOR,8, Lowry  DeRozan  McGuire  Bargnani  Valanciunas,60.7,0.97,97,1.1,110,-13,17,1,3,25
TOR,9, Calderon  DeRozan  Anderson  Johnson  Davis,57.9,1.31,131,0.97,97,34,44,12,3,80
TOR,10, Calderon  DeRozan  Pietrus  Johnson  Davis,57.3,0.98,98,1.01,101,-3,8,4,7,36.3
TOR,11, Lowry  DeRozan  Gay  Johnson  Bargnani,54.1,1.14,114,1.08,108,6,12,5,4,55.5
TOR,12, Lowry  DeRozan  Fields  Bargnani  Valanciunas,52.8,1.06,106,1.1,110,-4,3,2,2,50
TOR,13, Calderon  DeRozan  Pietrus  Davis  Gray,48.9,1.04,104,1.15,115,-11,7,3,2,60
TOR,14, Lowry  DeRozan  Gay  Bargnani  Valanciunas,48.5,1.13,113,1.07,107,6,2,3,4,42.8
TOR,15, Lowry  DeRozan  Anderson  Johnson  Davis,47.1,1.2,120,1.01,101,19,19,5,3,62.5
TOR,16, Calderon  DeRozan  Fields  Davis  Gray,44.5,1.21,121,1.02,102,19,16,2,2,50
TOR,17, Lowry  DeRozan  Pietrus  Bargnani  Valanciunas,43.8,1.01,101,1.15,115,-14,14,2,2,50
TOR,18, Calderon  Ross  DeRozan  Johnson  Davis,42.4,0.98,98,1.06,106,-8,4,6,7,46.1
TOR,19, Lowry  DeRozan  Kleiza  Bargnani  Valanciunas,41,1.05,105,1.24,124,-19,14,0,3,0
TOR,20, Lowry  DeRozan  Fields  Anderson  Johnson,38.8,0.99,99,1.03,103,-4,3,7,6,53.8
UTA,1, Tinsley  Foye  Ma.Williams  Millsap  Jefferson,453.9,1.04,104,1.12,112,-8,63,9,15,37.5
UTA,2, Mo.Williams  Foye  Hayward  Millsap  Jefferson,350,1.12,112,1.16,116,-4,24,10,21,32.2
UTA,3, Mo.Williams  Foye  Ma.Williams  Millsap  Jefferson,205.1,1.01,101,1.09,109,-8,33,7,11,38.8
UTA,4, Mo.Williams  Hayward  Ma.Williams  Millsap  Jefferson,191.4,0.97,97,1.05,105,-8,28,7,11,38.8
UTA,5, Watson  Hayward  Carroll  Favors  Kanter,103.1,1,100,1.02,102,-2,8,8,7,53.3
UTA,6, Watson  Burks  Hayward  Favors  Kanter,99.1,0.93,93,1.1,110,-17,31,5,9,35.7
UTA,7, Mo.Williams  Foye  Hayward  Favors  Jefferson,93.1,1.05,105,1.02,102,3,9,10,9,52.6
UTA,8, Mo.Williams  Foye  Carroll  Millsap  Jefferson,85.4,1.09,109,1.09,109,0,2,3,6,33.3
UTA,9, Tinsley  Foye  Carroll  Millsap  Jefferson,61,1.08,108,1.07,107,1,1,4,3,57.1
UTA,10, Watson  Burks  Carroll  Favors  Kanter,52,1.02,102,1.01,101,1,1,4,2,66.6
UTA,11, Tinsley  Hayward  Ma.Williams  Millsap  Jefferson,51.5,1.14,114,0.86,86,28,29,4,4,50
UTA,12, Mo.Williams  Foye  Carroll  Favors  Jefferson,47.4,0.95,95,1.13,113,-18,16,2,5,28.5
UTA,13, Watson  Foye  Ma.Williams  Millsap  Jefferson,46.8,1.01,101,0.92,92,9,9,8,4,66.6
UTA,14, Tinsley  Foye  Ma.Williams  Favors  Jefferson,43.6,1.01,101,1.04,104,-3,5,8,9,47
UTA,15, Tinsley  Foye  Hayward  Millsap  Jefferson,43.2,0.95,95,1.24,124,-29,28,2,6,25
UTA,16, Tinsley  Foye  Carroll  Favors  Kanter,42.2,1.04,104,0.97,97,7,5,3,3,50
UTA,17, Tinsley  Hayward  Carroll  Favors  Kanter,41.9,1.25,125,1,100,25,17,5,3,62.5
UTA,18, Mo.Williams  Foye  Millsap  Favors  Jefferson,38.7,1.06,106,1.16,116,-10,11,2,3,40
UTA,19, Burks  Hayward  Ma.Williams  Favors  Jefferson,38.7,1.09,109,0.93,93,16,15,4,4,50
UTA,20, Mo.Williams  Hayward  Ma.Williams  Favors  Jefferson,37.9,1.03,103,0.92,92,11,8,5,6,45.4
WAS,1, Wall  Temple  Webster  Nene  Okafor,282.8,1.03,103,1.09,109,-6,33,7,13,35
WAS,2, Wall  Beal  Webster  Nene  Okafor,141.8,1.13,113,0.85,85,28,82,13,3,81.2
WAS,3, Price  Beal  Ariza  Booker  Okafor,133.9,0.89,89,1.07,107,-18,44,3,10,23
WAS,4, Price  Beal  Webster  Nene  Okafor,110.7,1.14,114,0.93,93,21,41,7,3,70
WAS,5, Crawford  Beal  Webster  Singleton  Okafor,67.5,0.69,69,1.12,112,-43,59,0,6,0
WAS,6, Wall  Webster  Ariza  Nene  Okafor,64.5,0.88,88,1,100,-12,11,8,5,61.5
WAS,7, Beal  Temple  Webster  Nene  Okafor,63.2,1,100,1.02,102,-2,4,3,3,50
WAS,8, Price  Beal  Ariza  Seraphin  Okafor,50.2,1.05,105,1.13,113,-8,6,2,3,40
WAS,9, Beal  Temple  Webster  Seraphin  Okafor,45.5,0.91,91,0.91,91,0,5,2,3,40
WAS,10, Wall  Crawford  Ariza  Booker  Seraphin,38.8,1.03,103,1.01,101,2,1,1,4,20
WAS,11, Wall  Temple  Singleton  Booker  Okafor,37.1,1.14,114,1.04,104,10,6,1,1,50
WAS,12, Wall  Temple  Webster  Booker  Okafor,36.2,1.16,116,0.99,99,17,13,3,1,75
WAS,13, Price  Crawford  Ariza  Vesely  Okafor,35.8,0.98,98,0.97,97,1,5,2,1,66.6
WAS,14, Wall  Beal  Webster  Booker  Okafor,32.4,1.17,117,1.1,110,7,10,5,1,83.3
WAS,15, Pargo  Crawford  Webster  Vesely  Seraphin,32.1,0.88,88,1.07,107,-19,9,2,3,40
WAS,16, Price  Beal  Ariza  Singleton  Seraphin,31.4,0.88,88,0.86,86,2,0,3,4,42.8
WAS,17, Wall  Temple  Martin  Booker  Seraphin,29.6,0.8,80,1.09,109,-29,17,3,2,60
WAS,18, Wall  Beal  Ariza  Nene  Okafor,28.8,0.98,98,1.05,105,-7,1,3,5,37.5
WAS,19, Wall  Webster  Ariza  Singleton  Nene,28.8,1.29,129,0.97,97,32,15,3,1,75
WAS,20, Price  Crawford  Ariza  Booker  Seraphin,28.2,0.86,86,1.12,112,-26,12,2,4,33.3
